model,method,forget_split,stage,ES,dES,U
LLaMA-3.2-1B,GA,forget01,pure,0.1868,,0.5944
LLaMA-3.2-1B,GA,forget01,retain,0.1848,-0.0020,0.6009
LLaMA-3.2-1B,GA,forget01,forget,0.3091,+0.1223,0.5910
LLaMA-3.2-1B,GA,forget01,forget_retain,0.2985,+0.1118,0.5996
LLaMA-3.2-1B,GA,forget05,pure,0.0394,,0.0022
LLaMA-3.2-1B,GA,forget05,retain,0.2764,+0.2370,0.5959
LLaMA-3.2-1B,GA,forget05,forget,0.0452,+0.0058,0.0776
LLaMA-3.2-1B,GA,forget05,forget_retain,0.4184,+0.3790,0.5923
LLaMA-3.2-1B,GA,forget10,pure,0.0325,,0.0000
LLaMA-3.2-1B,GA,forget10,retain,0.3918,+0.3593,0.5961
LLaMA-3.2-1B,GA,forget10,forget,0.1043,+0.0717,0.4072
LLaMA-3.2-1B,GA,forget10,forget_retain,0.4859,+0.4534,0.6010
LLaMA-3.2-1B,GradDiff,forget01,pure,0.1781,,0.5866
LLaMA-3.2-1B,GradDiff,forget01,retain,0.2403,+0.0622,0.6022
LLaMA-3.2-1B,GradDiff,forget01,forget,0.3040,+0.1259,0.6008
LLaMA-3.2-1B,GradDiff,forget01,forget_retain,0.3480,+0.1699,0.5985
LLaMA-3.2-1B,GradDiff,forget05,pure,0.1077,,0.4670
LLaMA-3.2-1B,GradDiff,forget05,retain,0.2578,+0.1501,0.6023
LLaMA-3.2-1B,GradDiff,forget05,forget,0.1737,+0.0659,0.5775
LLaMA-3.2-1B,GradDiff,forget05,forget_retain,0.4622,+0.3544,0.6014
LLaMA-3.2-1B,GradDiff,forget10,pure,0.0821,,0.4416
LLaMA-3.2-1B,GradDiff,forget10,retain,0.2706,+0.1885,0.6017
LLaMA-3.2-1B,GradDiff,forget10,forget,0.3154,+0.2332,0.5952
LLaMA-3.2-1B,GradDiff,forget10,forget_retain,0.5117,+0.4296,0.5999
LLaMA-3.2-1B,NPO,forget01,pure,0.1814,,0.5951
LLaMA-3.2-1B,NPO,forget01,retain,0.1481,-0.0334,0.6002
LLaMA-3.2-1B,NPO,forget01,forget,0.2917,+0.1103,0.5928
LLaMA-3.2-1B,NPO,forget01,forget_retain,0.2599,+0.0785,0.5998
LLaMA-3.2-1B,NPO,forget05,pure,0.1014,,0.4637
LLaMA-3.2-1B,NPO,forget05,retain,0.2120,+0.1106,0.6001
LLaMA-3.2-1B,NPO,forget05,forget,0.1348,+0.0333,0.5045
LLaMA-3.2-1B,NPO,forget05,forget_retain,0.3389,+0.2374,0.5995
LLaMA-3.2-1B,NPO,forget10,pure,0.0956,,0.4023
LLaMA-3.2-1B,NPO,forget10,retain,0.2852,+0.1896,0.6088
LLaMA-3.2-1B,NPO,forget10,forget,0.1644,+0.0688,0.5437
LLaMA-3.2-1B,NPO,forget10,forget_retain,0.3955,+0.2999,0.6005
LLaMA-3.2-1B,RMU,forget01,pure,0.1504,,0.5556
LLaMA-3.2-1B,RMU,forget01,retain,0.4331,+0.2827,0.6035
LLaMA-3.2-1B,RMU,forget01,forget,0.4850,+0.3347,0.5870
LLaMA-3.2-1B,RMU,forget01,forget_retain,0.7923,+0.6420,0.6010
LLaMA-3.2-1B,RMU,forget05,pure,0.1083,,0.5506
LLaMA-3.2-1B,RMU,forget05,retain,0.5124,+0.4041,0.6024
LLaMA-3.2-1B,RMU,forget05,forget,0.3562,+0.2479,0.5766
LLaMA-3.2-1B,RMU,forget05,forget_retain,0.7332,+0.6249,0.6001
LLaMA-3.2-1B,RMU,forget10,pure,0.0561,,0.5769
LLaMA-3.2-1B,RMU,forget10,retain,0.2911,+0.2349,0.5992
LLaMA-3.2-1B,RMU,forget10,forget,0.4196,+0.3634,0.5742
LLaMA-3.2-1B,RMU,forget10,forget_retain,0.7005,+0.6443,0.6005
LLaMA-3.2-1B,SP,forget01,pure,0.0787,,0.4562
LLaMA-3.2-1B,SP,forget01,retain,0.1040,+0.0253,0.4949
LLaMA-3.2-1B,SP,forget01,forget,0.1514,+0.0728,0.4652
LLaMA-3.2-1B,SP,forget01,forget_retain,0.1503,+0.0716,0.4940
LLaMA-3.2-1B,SP,forget05,pure,0.1629,,0.5036
LLaMA-3.2-1B,SP,forget05,retain,0.2098,+0.0469,0.5349
LLaMA-3.2-1B,SP,forget05,forget,0.2345,+0.0716,0.5130
LLaMA-3.2-1B,SP,forget05,forget_retain,0.2846,+0.1218,0.5324
LLaMA-3.2-1B,SP,forget10,pure,0.1309,,0.4990
LLaMA-3.2-1B,SP,forget10,retain,0.1999,+0.0691,0.5335
LLaMA-3.2-1B,SP,forget10,forget,0.2130,+0.0822,0.5134
LLaMA-3.2-1B,SP,forget10,forget_retain,0.2752,+0.1444,0.5347
LLaMA-3.2-1B,FRP,forget01,pure,0.0364,,0.3442
LLaMA-3.2-1B,FRP,forget01,retain,0.0519,+0.0154,0.4453
LLaMA-3.2-1B,FRP,forget01,forget,0.0411,+0.0047,0.3687
LLaMA-3.2-1B,FRP,forget01,forget_retain,0.0710,+0.0345,0.4394
LLaMA-3.2-1B,FRP,forget05,pure,0.0672,,0.3987
LLaMA-3.2-1B,FRP,forget05,retain,0.0856,+0.0184,0.4639
LLaMA-3.2-1B,FRP,forget05,forget,0.0805,+0.0133,0.4201
LLaMA-3.2-1B,FRP,forget05,forget_retain,0.1200,+0.0528,0.4601
LLaMA-3.2-1B,FRP,forget10,pure,0.0624,,0.4079
LLaMA-3.2-1B,FRP,forget10,retain,0.0996,+0.0372,0.4818
LLaMA-3.2-1B,FRP,forget10,forget,0.0899,+0.0275,0.4318
LLaMA-3.2-1B,FRP,forget10,forget_retain,0.1214,+0.0590,0.4881
LLaMA-3.2-1B,FRP-RV(p=0.15),forget01,pure,0.0734,,0.4706
LLaMA-3.2-1B,FRP-RV(p=0.15),forget01,retain,0.0741,+0.0007,0.5047
LLaMA-3.2-1B,FRP-RV(p=0.15),forget01,forget,0.0734,+0.0000,0.4706
LLaMA-3.2-1B,FRP-RV(p=0.15),forget01,forget_retain,0.1110,+0.0376,0.5071
LLaMA-3.2-1B,FRP-RV(p=0.15),forget05,pure,0.1028,,0.4964
LLaMA-3.2-1B,FRP-RV(p=0.15),forget05,retain,0.1569,+0.0540,0.5304
LLaMA-3.2-1B,FRP-RV(p=0.15),forget05,forget,0.1597,+0.0569,0.5045
LLaMA-3.2-1B,FRP-RV(p=0.15),forget05,forget_retain,0.2533,+0.1504,0.5276
LLaMA-3.2-1B,FRP-RV(p=0.15),forget10,pure,0.1199,,0.5139
LLaMA-3.2-1B,FRP-RV(p=0.15),forget10,retain,0.1672,+0.0473,0.5440
LLaMA-3.2-1B,FRP-RV(p=0.15),forget10,forget,0.1801,+0.0601,0.5195
LLaMA-3.2-1B,FRP-RV(p=0.15),forget10,forget_retain,0.2372,+0.1173,0.5444
LLaMA-3.2-3B,GA,forget01,pure,0.2374,,0.6675
LLaMA-3.2-3B,GA,forget01,retain,0.2443,+0.0069,0.6593
LLaMA-3.2-3B,GA,forget01,forget,0.4020,+0.1646,0.6638
LLaMA-3.2-3B,GA,forget01,forget_retain,0.4170,+0.1796,0.6579
LLaMA-3.2-3B,GA,forget05,pure,0.0913,,0.4843
LLaMA-3.2-3B,GA,forget05,retain,0.3155,+0.2242,0.6636
LLaMA-3.2-3B,GA,forget05,forget,0.1654,+0.0741,0.5841
LLaMA-3.2-3B,GA,forget05,forget_retain,0.4915,+0.4002,0.6695
LLaMA-3.2-3B,GA,forget10,pure,0.0325,,0.0000
LLaMA-3.2-3B,GA,forget10,retain,0.4334,+0.4009,0.6892
LLaMA-3.2-3B,GA,forget10,forget,0.0984,+0.0659,0.3948
LLaMA-3.2-3B,GA,forget10,forget_retain,0.5813,+0.5487,0.6915
LLaMA-3.2-3B,GradDiff,forget01,pure,0.3175,,0.6614
LLaMA-3.2-3B,GradDiff,forget01,retain,0.3566,+0.0391,0.6573
LLaMA-3.2-3B,GradDiff,forget01,forget,0.5013,+0.1838,0.6678
LLaMA-3.2-3B,GradDiff,forget01,forget_retain,0.4838,+0.1663,0.6585
LLaMA-3.2-3B,GradDiff,forget05,pure,0.1615,,0.5621
LLaMA-3.2-3B,GradDiff,forget05,retain,0.3847,+0.2232,0.6591
LLaMA-3.2-3B,GradDiff,forget05,forget,0.3837,+0.2222,0.6426
LLaMA-3.2-3B,GradDiff,forget05,forget_retain,0.5433,+0.3818,0.6589
LLaMA-3.2-3B,GradDiff,forget10,pure,0.1068,,0.5295
LLaMA-3.2-3B,GradDiff,forget10,retain,0.3970,+0.2902,0.6563
LLaMA-3.2-3B,GradDiff,forget10,forget,0.4777,+0.3709,0.6516
LLaMA-3.2-3B,GradDiff,forget10,forget_retain,0.6319,+0.5251,0.6635
LLaMA-3.2-3B,NPO,forget01,pure,0.1191,,0.6547
LLaMA-3.2-3B,NPO,forget01,retain,0.1382,+0.0190,0.6572
LLaMA-3.2-3B,NPO,forget01,forget,0.1824,+0.0632,0.6577
LLaMA-3.2-3B,NPO,forget01,forget_retain,0.1868,+0.0677,0.6531
LLaMA-3.2-3B,NPO,forget05,pure,0.0701,,0.6616
LLaMA-3.2-3B,NPO,forget05,retain,0.1014,+0.0313,0.6622
LLaMA-3.2-3B,NPO,forget05,forget,0.1379,+0.0678,0.6401
LLaMA-3.2-3B,NPO,forget05,forget_retain,0.2586,+0.1885,0.6672
LLaMA-3.2-3B,NPO,forget10,pure,0.0574,,0.6741
LLaMA-3.2-3B,NPO,forget10,retain,0.0846,+0.0272,0.6768
LLaMA-3.2-3B,NPO,forget10,forget,0.2044,+0.1470,0.6504
LLaMA-3.2-3B,NPO,forget10,forget_retain,0.3962,+0.3388,0.6718
LLaMA-3.2-3B,RMU,forget01,pure,0.0746,,0.6605
LLaMA-3.2-3B,RMU,forget01,retain,0.2367,+0.1621,0.6628
LLaMA-3.2-3B,RMU,forget01,forget,0.2400,+0.1654,0.6617
LLaMA-3.2-3B,RMU,forget01,forget_retain,0.7211,+0.6465,0.6610
LLaMA-3.2-3B,RMU,forget05,pure,0.0542,,0.6652
LLaMA-3.2-3B,RMU,forget05,retain,0.0731,+0.0190,0.6653
LLaMA-3.2-3B,RMU,forget05,forget,0.1020,+0.0478,0.6639
LLaMA-3.2-3B,RMU,forget05,forget_retain,0.7326,+0.6784,0.6634
LLaMA-3.2-3B,RMU,forget10,pure,0.0336,,0.6667
LLaMA-3.2-3B,RMU,forget10,retain,0.0576,+0.0240,0.6652
LLaMA-3.2-3B,RMU,forget10,forget,0.0748,+0.0412,0.6641
LLaMA-3.2-3B,RMU,forget10,forget_retain,0.8099,+0.7763,0.6686
LLaMA-3.2-3B,SP,forget01,pure,0.1233,,0.5884
LLaMA-3.2-3B,SP,forget01,retain,0.2143,+0.0910,0.6175
LLaMA-3.2-3B,SP,forget01,forget,0.3510,+0.2276,0.5921
LLaMA-3.2-3B,SP,forget01,forget_retain,0.3297,+0.2064,0.6196
LLaMA-3.2-3B,SP,forget05,pure,0.2188,,0.5904
LLaMA-3.2-3B,SP,forget05,retain,0.3409,+0.1221,0.6108
LLaMA-3.2-3B,SP,forget05,forget,0.4861,+0.2673,0.5999
LLaMA-3.2-3B,SP,forget05,forget_retain,0.4939,+0.2751,0.6184
LLaMA-3.2-3B,SP,forget10,pure,0.2174,,0.5871
LLaMA-3.2-3B,SP,forget10,retain,0.3405,+0.1231,0.6120
LLaMA-3.2-3B,SP,forget10,forget,0.4556,+0.2382,0.6000
LLaMA-3.2-3B,SP,forget10,forget_retain,0.5069,+0.2895,0.6166
LLaMA-3.2-3B,FRP,forget01,pure,0.0460,,0.4582
LLaMA-3.2-3B,FRP,forget01,retain,0.0560,+0.0100,0.5396
LLaMA-3.2-3B,FRP,forget01,forget,0.0645,+0.0185,0.4731
LLaMA-3.2-3B,FRP,forget01,forget_retain,0.0825,+0.0365,0.5447
LLaMA-3.2-3B,FRP,forget05,pure,0.0776,,0.5120
LLaMA-3.2-3B,FRP,forget05,retain,0.1161,+0.0386,0.5787
LLaMA-3.2-3B,FRP,forget05,forget,0.1315,+0.0539,0.5388
LLaMA-3.2-3B,FRP,forget05,forget_retain,0.1827,+0.1051,0.5754
LLaMA-3.2-3B,FRP,forget10,pure,0.0808,,0.5276
LLaMA-3.2-3B,FRP,forget10,retain,0.1166,+0.0358,0.5883
LLaMA-3.2-3B,FRP,forget10,forget,0.1253,+0.0445,0.5528
LLaMA-3.2-3B,FRP,forget10,forget_retain,0.1750,+0.0941,0.5894
LLaMA-3.2-3B,FRP-RV(p=0.05),forget01,pure,0.0646,,0.5195
LLaMA-3.2-3B,FRP-RV(p=0.05),forget01,retain,0.0682,+0.0035,0.5759
LLaMA-3.2-3B,FRP-RV(p=0.05),forget01,forget,0.0646,+0.0000,0.5195
LLaMA-3.2-3B,FRP-RV(p=0.05),forget01,forget_retain,0.0997,+0.0351,0.5759
LLaMA-3.2-3B,FRP-RV(p=0.05),forget05,pure,0.0957,,0.5688
LLaMA-3.2-3B,FRP-RV(p=0.05),forget05,retain,0.1465,+0.0508,0.6057
LLaMA-3.2-3B,FRP-RV(p=0.05),forget05,forget,0.1518,+0.0561,0.5794
LLaMA-3.2-3B,FRP-RV(p=0.05),forget05,forget_retain,0.2308,+0.1351,0.6093
LLaMA-3.2-3B,FRP-RV(p=0.05),forget10,pure,0.1181,,0.5757
LLaMA-3.2-3B,FRP-RV(p=0.05),forget10,retain,0.1662,+0.0481,0.6133
LLaMA-3.2-3B,FRP-RV(p=0.05),forget10,forget,0.1789,+0.0609,0.5845
LLaMA-3.2-3B,FRP-RV(p=0.05),forget10,forget_retain,0.2534,+0.1354,0.6160
